{
  "name": "ekran_pierwszy",
  "version": 32,
  "source-key": {
    "type": "figma",
    "file": "il25rFzet573PIKAyEFiCo",
    "node": "4:4",
    "version": "4710068418",
    "component-id": "f71c0128aef887edc51eb4ce82475ca91276c0c2"
  },
  "default": "ekran_glowny",
  "documentation": "To jest nowy widok dla tego ekranu",
  "design": {
    "atoms": [
      {
        "type": "group",
        "id": "top_level",
        "root": "true"
      },
      {
        "type": "vector",
        "id": "powitanie_2"
      },
      {
        "type": "vector",
        "id": "powitanie_1"
      },
      {
        "type": "text",
        "id": "powitanie"
      },
      {
        "type": "vector",
        "id": "ikona-gora"
      },
      {
        "type": "vector",
        "id": "podlogo"
      },
      {
        "type": "image",
        "id": "logo"
      },
      {
        "type": "vector",
        "id": "polityka_1"
      },
      {
        "type": "text",
        "id": "polityka"
      },
      {
        "type": "vector",
        "id": "Rectangle 1"
      },
      {
        "type": "vector",
        "id": "Rectangle 2"
      },
      {
        "type": "text",
        "id": "LOGUJ"
      },
      {
        "type": "text",
        "id": "REJESTRUJ"
      }
    ],
    "modes": {
      "ekran_glowny": {
        "rules": [
          {
            "id": "top_level",
            "is-structured": "false",
            "children": [
              "powitanie_2",
              "powitanie_1",
              "powitanie",
              "ikona-gora",
              "podlogo",
              "logo",
              "polityka_1",
              "polityka",
              "Rectangle 1",
              "Rectangle 2",
              "LOGUJ",
              "REJESTRUJ"
            ],
            "clip-content": "false"
          },
          {
            "id": "powitanie_2",
            "margin": {
              "left": "33.0",
              "top": "20.0",
              "right": "33.0",
              "bottom": "511.0"
            },
            "border-radius": "20.0",
            "size-constraints": {
              "width-constraints": {
                "sizing-mode": "proportional",
                "value": "1.0"
              },
              "height-constraints": {
                "sizing-mode": "proportional",
                "value": "1.0"
              }
            },
            "vector-content": "powitanie_2.svg"
          },
          {
            "id": "powitanie_1",
            "margin": {
              "left": "43.0",
              "top": "31.0",
              "right": "43.0",
              "bottom": "521.0"
            },
            "border-radius": "10.0",
            "size-constraints": {
              "width-constraints": {
                "sizing-mode": "proportional",
                "value": "1.0"
              },
              "height-constraints": {
                "sizing-mode": "proportional",
                "value": "1.0"
              }
            },
            "vector-content": "powitanie_1.svg"
          },
          {
            "id": "powitanie",
            "margin": {
              "left": "96.0",
              "top": "65.0",
              "right": "92.0",
              "bottom": "544.0"
            },
            "size-constraints": {
              "width-constraints": {
                "sizing-mode": "proportional",
                "value": "1.0"
              },
              "height-constraints": {
                "sizing-mode": "proportional",
                "value": "1.0"
              }
            },
            "font-weight": "700.0",
            "color": {
              "alpha": "1.0",
              "hue": "0.0",
              "saturation": "0.0",
              "value": "0.3568627450980392"
            },
            "text-content": "$powitanie-teks",
            "overflow": "visible",
            "max-lines": "-1",
            "text-align-vertical": "center",
            "text-size": "12.0",
            "line-height": "1.2000000476837158",
            "typeface": "Lato"
          },
          {
            "id": "ikona-gora",
            "margin": {
              "left": "54.0",
              "top": "44.0",
              "right": "292.0",
              "bottom": "581.0"
            },
            "size-constraints": {
              "width-constraints": {
                "sizing-mode": "proportional",
                "value": "1.0"
              },
              "height-constraints": {
                "sizing-mode": "proportional",
                "value": "1.0"
              }
            },
            "vector-content": "ikona_gora.svg"
          },
          {
            "id": "podlogo",
            "margin": {
              "left": "33.0",
              "top": "164.0",
              "right": "33.0",
              "bottom": "277.0"
            },
            "border-radius": "20.0",
            "size-constraints": {
              "width-constraints": {
                "sizing-mode": "proportional",
                "value": "1.0"
              },
              "height-constraints": {
                "sizing-mode": "proportional",
                "value": "1.0"
              }
            },
            "vector-content": "podlogo.svg"
          },
          {
            "id": "logo",
            "margin": {
              "left": "120.0",
              "top": "197.0",
              "right": "120.0",
              "bottom": "310.0"
            },
            "size-constraints": {
              "width-constraints": {
                "sizing-mode": "proportional",
                "value": "1.0"
              },
              "height-constraints": {
                "sizing-mode": "proportional",
                "value": "1.0"
              }
            },
            "image-content": "$logo_mti",
            "scale": "cover"
          },
          {
            "id": "polityka_1",
            "margin": {
              "left": "33.0",
              "top": "398.0",
              "right": "33.0",
              "bottom": "19.0"
            },
            "border-radius": "20.0",
            "size-constraints": {
              "width-constraints": {
                "sizing-mode": "proportional",
                "value": "1.0"
              },
              "height-constraints": {
                "sizing-mode": "proportional",
                "value": "1.0"
              }
            },
            "vector-content": "polityka_1.svg"
          },
          {
            "id": "polityka",
            "margin": {
              "left": "80.0",
              "top": "552.0",
              "right": "75.0",
              "bottom": "42.0"
            },
            "size-constraints": {
              "width-constraints": {
                "sizing-mode": "proportional",
                "value": "1.0"
              },
              "height-constraints": {
                "sizing-mode": "proportional",
                "value": "1.0"
              }
            },
            "font-weight": "300.0",
            "color": {
              "alpha": "1.0",
              "hue": "0.0",
              "saturation": "0.023255813953488292",
              "value": "0.5058823529411764"
            },
            "annotated-text-content": "$polityka",
            "overflow": "visible",
            "max-lines": "-1",
            "text-align-vertical": "center",
            "line-height": "1.2000000817435128",
            "typeface": "Lato"
          },
          {
            "id": "Rectangle 1",
            "margin": {
              "left": "83.0",
              "top": "446.0",
              "right": "82.0",
              "bottom": "167.0"
            },
            "border-radius": "18.0",
            "size-constraints": {
              "width-constraints": {
                "sizing-mode": "proportional",
                "value": "1.0"
              },
              "height-constraints": {
                "sizing-mode": "proportional",
                "value": "1.0"
              }
            },
            "vector-content": "rectangle_1.svg"
          },
          {
            "id": "Rectangle 2",
            "margin": {
              "left": "83.0",
              "top": "499.0",
              "right": "82.0",
              "bottom": "114.0"
            },
            "border-radius": "18.0",
            "size-constraints": {
              "width-constraints": {
                "sizing-mode": "proportional",
                "value": "1.0"
              },
              "height-constraints": {
                "sizing-mode": "proportional",
                "value": "1.0"
              }
            },
            "vector-content": "rectangle_2.svg"
          },
          {
            "id": "LOGUJ",
            "margin": {
              "left": "106.0",
              "top": "452.0",
              "right": "106.0",
              "bottom": "172.0"
            },
            "size-constraints": {
              "width-constraints": {
                "sizing-mode": "proportional",
                "value": "1.0"
              },
              "height-constraints": {
                "sizing-mode": "proportional",
                "value": "1.0"
              }
            },
            "font-weight": "600.0",
            "color": {
              "alpha": "1.0",
              "hue": "0.0",
              "saturation": "0.0",
              "value": "1.0"
            },
            "text-content": "$LOGUJSIE",
            "overflow": "visible",
            "max-lines": "-1",
            "text-align-vertical": "center",
            "text-size": "16.0",
            "line-height": "1.2000000476837158",
            "typeface": "Lato"
          },
          {
            "id": "REJESTRUJ",
            "margin": {
              "left": "106.0",
              "top": "504.0",
              "right": "106.0",
              "bottom": "120.0"
            },
            "size-constraints": {
              "width-constraints": {
                "sizing-mode": "proportional",
                "value": "1.0"
              },
              "height-constraints": {
                "sizing-mode": "proportional",
                "value": "1.0"
              }
            },
            "font-weight": "600.0",
            "color": {
              "alpha": "1.0",
              "hue": "0.0",
              "saturation": "0.0",
              "value": "1.0"
            },
            "text-content": "$REJESTRUJSIE",
            "overflow": "visible",
            "max-lines": "-1",
            "text-align-vertical": "center",
            "text-size": "16.0",
            "line-height": "1.2000000476837158",
            "typeface": "Lato"
          }
        ]
      }
    }
  },
  "parameters": {
    "powitanie-teks": {
      "data-type": "text",
      "required": false,
      "description": ""
    },
    "logo_mti": {
      "data-type": "image",
      "required": false,
      "description": ""
    },
    "polityka": {
      "data-type": "annotated-text-content",
      "required": false,
      "description": ""
    },
    "LOGUJSIE": {
      "data-type": "text",
      "required": false,
      "description": ""
    },
    "REJESTRUJSIE": {
      "data-type": "text",
      "required": false,
      "description": ""
    }
  },
  "previews": [
    {
      "design": "ekran_glowny",
      "size": {
        "width": 380.0,
        "height": 659.0
      },
      "parameters": {
        "powitanie-teks": "WITAJ W\nMAZOWIECKIM TECHNIKUM INNOWACJI",
        "logo_mti": "logo.png",
        "polityka": {
          "text": "Zapoznaj się z polityką prywatności\nMazowieckiego Technikum Innowacji w Płocku",
          "annotated-text-span-list": [
            {
              "span-start": 0,
              "span-length": 14
            },
            {
              "span-start": 14,
              "span-length": 22,
              "annotated-text-style": {
                "color": {
                  "alpha": "1.0",
                  "hue": "233.93939393939394",
                  "saturation": "0.7443609022556392",
                  "value": "0.5215686274509804"
                }
              }
            },
            {
              "span-start": 36,
              "span-length": 42
            }
          ]
        },
        "LOGUJSIE": "ZALOGUJ SIĘ",
        "REJESTRUJSIE": "ZAREJESTRUJ SIĘ"
      }
    }
  ],
  "adin-component-search-paths": [],
  "image-search-paths": [],
  "vector-search-paths": []
}